ZGEB,Wohngebietstyp_Code,Wohngebietstyp_Text
1010,10,Gemischtes Baualter -Zeitraum ab 1961 dominiert
1011,4,Gründerzeit und Altstadt - hohe bauliche Dichte
1012,4,Gründerzeit und Altstadt - hohe bauliche Dichte
1013,4,Gründerzeit und Altstadt - hohe bauliche Dichte
1014,4,Gründerzeit und Altstadt - hohe bauliche Dichte
1015,4,Gründerzeit und Altstadt - hohe bauliche Dichte
1016,4,Gründerzeit und Altstadt - hohe bauliche Dichte
1017,4,Gründerzeit und Altstadt - hohe bauliche Dichte
1018,3,Gründerzeit hohe bauliche Dichte
1019,10,Gemischtes Baualter -Zeitraum ab 1961 dominiert
1020,4,Gründerzeit und Altstadt - hohe bauliche Dichte
1021,4,Gründerzeit und Altstadt - hohe bauliche Dichte
1022,4,Gründerzeit und Altstadt - hohe bauliche Dichte
1023,8,Wiederaufbau (1945-1960)
1024,4,Gründerzeit und Altstadt - hohe bauliche Dichte
1025,4,Gründerzeit und Altstadt - hohe bauliche Dichte
1026,4,Gründerzeit und Altstadt - hohe bauliche Dichte
1027,0,nahezu unbewohnt
1030,4,Gründerzeit und Altstadt - hohe bauliche Dichte
1031,8,Wiederaufbau (1945-1960)
1032,4,Gründerzeit und Altstadt - hohe bauliche Dichte
1033,4,Gründerzeit und Altstadt - hohe bauliche Dichte
1034,4,Gründerzeit und Altstadt - hohe bauliche Dichte
1035,4,Gründerzeit und Altstadt - hohe bauliche Dichte
1036,4,Gründerzeit und Altstadt - hohe bauliche Dichte
1037,4,Gründerzeit und Altstadt - hohe bauliche Dichte
1038,0,nahezu unbewohnt
1039,4,Gründerzeit und Altstadt - hohe bauliche Dichte
1040,4,Gründerzeit und Altstadt - hohe bauliche Dichte
1041,4,Gründerzeit und Altstadt - hohe bauliche Dichte
1042,4,Gründerzeit und Altstadt - hohe bauliche Dichte
1043,4,Gründerzeit und Altstadt - hohe bauliche Dichte
1044,4,Gründerzeit und Altstadt - hohe bauliche Dichte
1045,4,Gründerzeit und Altstadt - hohe bauliche Dichte
1046,0,nahezu unbewohnt
1047,4,Gründerzeit und Altstadt - hohe bauliche Dichte
1048,5,Gründerzeit niedrige bauliche Dichte
1049,5,Gründerzeit niedrige bauliche Dichte
1050,0,nahezu unbewohnt
1051,4,Gründerzeit und Altstadt - hohe bauliche Dichte
1052,4,Gründerzeit und Altstadt - hohe bauliche Dichte
1053,4,Gründerzeit und Altstadt - hohe bauliche Dichte
1054,6,Zwischenkriegszeit (1919-1944)
1055,4,Gründerzeit und Altstadt - hohe bauliche Dichte
1056,4,Gründerzeit und Altstadt - hohe bauliche Dichte
1057,4,Gründerzeit und Altstadt - hohe bauliche Dichte
1058,4,Gründerzeit und Altstadt - hohe bauliche Dichte
1059,4,Gründerzeit und Altstadt - hohe bauliche Dichte
1060,4,Gründerzeit und Altstadt - hohe bauliche Dichte
1061,4,Gründerzeit und Altstadt - hohe bauliche Dichte
1062,10,Gemischtes Baualter -Zeitraum ab 1961 dominiert
1063,4,Gründerzeit und Altstadt - hohe bauliche Dichte
1064,4,Gründerzeit und Altstadt - hohe bauliche Dichte
1065,8,Wiederaufbau (1945-1960)
1066,6,Zwischenkriegszeit (1919-1944)
1067,4,Gründerzeit und Altstadt - hohe bauliche Dichte
1068,4,Gründerzeit und Altstadt - hohe bauliche Dichte
1070,9,Wirtschaftswunder (1961-1980)
1071,8,Wiederaufbau (1945-1960)
1072,8,Wiederaufbau (1945-1960)
1073,4,Gründerzeit und Altstadt - hohe bauliche Dichte
1074,4,Gründerzeit und Altstadt - hohe bauliche Dichte
1075,4,Gründerzeit und Altstadt - hohe bauliche Dichte
1076,4,Gründerzeit und Altstadt - hohe bauliche Dichte
1077,8,Wiederaufbau (1945-1960)
1078,9,Wirtschaftswunder (1961-1980)
1079,4,Gründerzeit und Altstadt - hohe bauliche Dichte
2010,13,Bauperiode ab 2001
2011,0,nahezu unbewohnt
2012,10,Gemischtes Baualter -Zeitraum ab 1961 dominiert
2013,7,Gemischtes Baualter
2014,10,Gemischtes Baualter -Zeitraum ab 1961 dominiert
2015,12,Bauperiode ab 1981 - gemischtes Baualter
2016,0,nahezu unbewohnt
2020,3,Gründerzeit hohe bauliche Dichte
2021,3,Gründerzeit hohe bauliche Dichte
2022,4,Gründerzeit und Altstadt - hohe bauliche Dichte
2023,4,Gründerzeit und Altstadt - hohe bauliche Dichte
2024,3,Gründerzeit hohe bauliche Dichte
2025,3,Gründerzeit hohe bauliche Dichte
2026,3,Gründerzeit hohe bauliche Dichte
2027,3,Gründerzeit hohe bauliche Dichte
2028,4,Gründerzeit und Altstadt - hohe bauliche Dichte
2030,4,Gründerzeit und Altstadt - hohe bauliche Dichte
2031,3,Gründerzeit hohe bauliche Dichte
2032,12,Bauperiode ab 1981 - gemischtes Baualter
2033,3,Gründerzeit hohe bauliche Dichte
2034,4,Gründerzeit und Altstadt - hohe bauliche Dichte
2035,3,Gründerzeit hohe bauliche Dichte
2036,4,Gründerzeit und Altstadt - hohe bauliche Dichte
2037,4,Gründerzeit und Altstadt - hohe bauliche Dichte
2038,3,Gründerzeit hohe bauliche Dichte
2039,3,Gründerzeit hohe bauliche Dichte
2040,3,Gründerzeit hohe bauliche Dichte
2041,3,Gründerzeit hohe bauliche Dichte
2042,4,Gründerzeit und Altstadt - hohe bauliche Dichte
2043,3,Gründerzeit hohe bauliche Dichte
2044,4,Gründerzeit und Altstadt - hohe bauliche Dichte
2045,4,Gründerzeit und Altstadt - hohe bauliche Dichte
2046,4,Gründerzeit und Altstadt - hohe bauliche Dichte
2047,3,Gründerzeit hohe bauliche Dichte
2048,3,Gründerzeit hohe bauliche Dichte
2049,3,Gründerzeit hohe bauliche Dichte
2050,3,Gründerzeit hohe bauliche Dichte
2051,4,Gründerzeit und Altstadt - hohe bauliche Dichte
2052,4,Gründerzeit und Altstadt - hohe bauliche Dichte
2053,3,Gründerzeit hohe bauliche Dichte
2054,3,Gründerzeit hohe bauliche Dichte
2055,10,Gemischtes Baualter -Zeitraum ab 1961 dominiert
2060,8,Wiederaufbau (1945-1960)
2061,1,Einfamilienhaus und Kleingarten
2062,10,Gemischtes Baualter -Zeitraum ab 1961 dominiert
2063,3,Gründerzeit hohe bauliche Dichte
2064,9,Wirtschaftswunder (1961-1980)
2065,3,Gründerzeit hohe bauliche Dichte
2066,13,Bauperiode ab 2001
2067,1,Einfamilienhaus und Kleingarten
2070,3,Gründerzeit hohe bauliche Dichte
2071,3,Gründerzeit hohe bauliche Dichte
2072,3,Gründerzeit hohe bauliche Dichte
2073,3,Gründerzeit hohe bauliche Dichte
2074,3,Gründerzeit hohe bauliche Dichte
2075,9,Wirtschaftswunder (1961-1980)
2076,3,Gründerzeit hohe bauliche Dichte
2077,3,Gründerzeit hohe bauliche Dichte
2078,3,Gründerzeit hohe bauliche Dichte
2080,2,Einfamilienhaus und Kleingarten mit signifikantem Anteil an Geschoßwohnbau
2081,1,Einfamilienhaus und Kleingarten
2082,0,nahezu unbewohnt
2083,0,nahezu unbewohnt
2090,3,Gründerzeit hohe bauliche Dichte
2091,9,Wirtschaftswunder (1961-1980)
2092,3,Gründerzeit hohe bauliche Dichte
2093,13,Bauperiode ab 2001
2094,6,Zwischenkriegszeit (1919-1944)
2095,8,Wiederaufbau (1945-1960)
2096,9,Wirtschaftswunder (1961-1980)
2097,0,nahezu unbewohnt
2098,0,nahezu unbewohnt
2100,0,nahezu unbewohnt
3010,0,nahezu unbewohnt
3011,3,Gründerzeit hohe bauliche Dichte
3012,3,Gründerzeit hohe bauliche Dichte
3013,3,Gründerzeit hohe bauliche Dichte
3014,3,Gründerzeit hohe bauliche Dichte
3015,4,Gründerzeit und Altstadt - hohe bauliche Dichte
3016,3,Gründerzeit hohe bauliche Dichte
3017,3,Gründerzeit hohe bauliche Dichte
3018,4,Gründerzeit und Altstadt - hohe bauliche Dichte
3019,3,Gründerzeit hohe bauliche Dichte
3020,4,Gründerzeit und Altstadt - hohe bauliche Dichte
3021,4,Gründerzeit und Altstadt - hohe bauliche Dichte
3022,4,Gründerzeit und Altstadt - hohe bauliche Dichte
3023,4,Gründerzeit und Altstadt - hohe bauliche Dichte
3024,9,Wirtschaftswunder (1961-1980)
3025,3,Gründerzeit hohe bauliche Dichte
3026,3,Gründerzeit hohe bauliche Dichte
3027,3,Gründerzeit hohe bauliche Dichte
3028,4,Gründerzeit und Altstadt - hohe bauliche Dichte
3029,4,Gründerzeit und Altstadt - hohe bauliche Dichte
3030,4,Gründerzeit und Altstadt - hohe bauliche Dichte
3031,4,Gründerzeit und Altstadt - hohe bauliche Dichte
3032,4,Gründerzeit und Altstadt - hohe bauliche Dichte
3033,7,Gemischtes Baualter
3034,4,Gründerzeit und Altstadt - hohe bauliche Dichte
3035,8,Wiederaufbau (1945-1960)
3036,4,Gründerzeit und Altstadt - hohe bauliche Dichte
3037,4,Gründerzeit und Altstadt - hohe bauliche Dichte
3038,4,Gründerzeit und Altstadt - hohe bauliche Dichte
3039,5,Gründerzeit niedrige bauliche Dichte
3040,3,Gründerzeit hohe bauliche Dichte
3041,7,Gemischtes Baualter
3042,3,Gründerzeit hohe bauliche Dichte
3043,3,Gründerzeit hohe bauliche Dichte
3044,3,Gründerzeit hohe bauliche Dichte
3045,3,Gründerzeit hohe bauliche Dichte
3046,3,Gründerzeit hohe bauliche Dichte
3047,3,Gründerzeit hohe bauliche Dichte
3048,8,Wiederaufbau (1945-1960)
3050,3,Gründerzeit hohe bauliche Dichte
3051,4,Gründerzeit und Altstadt - hohe bauliche Dichte
3052,3,Gründerzeit hohe bauliche Dichte
3053,4,Gründerzeit und Altstadt - hohe bauliche Dichte
3054,4,Gründerzeit und Altstadt - hohe bauliche Dichte
3055,4,Gründerzeit und Altstadt - hohe bauliche Dichte
3056,11,Bauperiode 1981-2000
3060,4,Gründerzeit und Altstadt - hohe bauliche Dichte
3061,3,Gründerzeit hohe bauliche Dichte
3062,3,Gründerzeit hohe bauliche Dichte
3063,4,Gründerzeit und Altstadt - hohe bauliche Dichte
3064,6,Zwischenkriegszeit (1919-1944)
3065,8,Wiederaufbau (1945-1960)
3066,3,Gründerzeit hohe bauliche Dichte
3067,3,Gründerzeit hohe bauliche Dichte
3070,8,Wiederaufbau (1945-1960)
3071,10,Gemischtes Baualter -Zeitraum ab 1961 dominiert
3072,3,Gründerzeit hohe bauliche Dichte
3073,0,nahezu unbewohnt
3074,13,Bauperiode ab 2001
3075,5,Gründerzeit niedrige bauliche Dichte
3076,0,nahezu unbewohnt
3080,10,Gemischtes Baualter -Zeitraum ab 1961 dominiert
3081,2,Einfamilienhaus und Kleingarten mit signifikantem Anteil an Geschoßwohnbau
3090,4,Gründerzeit und Altstadt - hohe bauliche Dichte
3091,4,Gründerzeit und Altstadt - hohe bauliche Dichte
3092,4,Gründerzeit und Altstadt - hohe bauliche Dichte
3093,4,Gründerzeit und Altstadt - hohe bauliche Dichte
3094,4,Gründerzeit und Altstadt - hohe bauliche Dichte
3095,3,Gründerzeit hohe bauliche Dichte
3096,4,Gründerzeit und Altstadt - hohe bauliche Dichte
3097,4,Gründerzeit und Altstadt - hohe bauliche Dichte
3098,4,Gründerzeit und Altstadt - hohe bauliche Dichte
3099,4,Gründerzeit und Altstadt - hohe bauliche Dichte
3100,4,Gründerzeit und Altstadt - hohe bauliche Dichte
3101,3,Gründerzeit hohe bauliche Dichte
3102,6,Zwischenkriegszeit (1919-1944)
3103,11,Bauperiode 1981-2000
3104,6,Zwischenkriegszeit (1919-1944)
3110,8,Wiederaufbau (1945-1960)
3111,13,Bauperiode ab 2001
3112,6,Zwischenkriegszeit (1919-1944)
4010,6,Zwischenkriegszeit (1919-1944)
4011,4,Gründerzeit und Altstadt - hohe bauliche Dichte
4012,4,Gründerzeit und Altstadt - hohe bauliche Dichte
4013,4,Gründerzeit und Altstadt - hohe bauliche Dichte
4014,4,Gründerzeit und Altstadt - hohe bauliche Dichte
4020,4,Gründerzeit und Altstadt - hohe bauliche Dichte
4021,4,Gründerzeit und Altstadt - hohe bauliche Dichte
4022,4,Gründerzeit und Altstadt - hohe bauliche Dichte
4023,4,Gründerzeit und Altstadt - hohe bauliche Dichte
4024,10,Gemischtes Baualter -Zeitraum ab 1961 dominiert
4025,4,Gründerzeit und Altstadt - hohe bauliche Dichte
4026,4,Gründerzeit und Altstadt - hohe bauliche Dichte
4027,3,Gründerzeit hohe bauliche Dichte
4030,4,Gründerzeit und Altstadt - hohe bauliche Dichte
4031,4,Gründerzeit und Altstadt - hohe bauliche Dichte
4032,9,Wirtschaftswunder (1961-1980)
4033,4,Gründerzeit und Altstadt - hohe bauliche Dichte
4034,4,Gründerzeit und Altstadt - hohe bauliche Dichte
4035,3,Gründerzeit hohe bauliche Dichte
4036,4,Gründerzeit und Altstadt - hohe bauliche Dichte
4037,4,Gründerzeit und Altstadt - hohe bauliche Dichte
4038,4,Gründerzeit und Altstadt - hohe bauliche Dichte
4039,4,Gründerzeit und Altstadt - hohe bauliche Dichte
4040,8,Wiederaufbau (1945-1960)
4041,4,Gründerzeit und Altstadt - hohe bauliche Dichte
4042,10,Gemischtes Baualter -Zeitraum ab 1961 dominiert
4043,10,Gemischtes Baualter -Zeitraum ab 1961 dominiert
4044,3,Gründerzeit hohe bauliche Dichte
4045,3,Gründerzeit hohe bauliche Dichte
5010,4,Gründerzeit und Altstadt - hohe bauliche Dichte
5011,4,Gründerzeit und Altstadt - hohe bauliche Dichte
5012,4,Gründerzeit und Altstadt - hohe bauliche Dichte
5013,4,Gründerzeit und Altstadt - hohe bauliche Dichte
5014,4,Gründerzeit und Altstadt - hohe bauliche Dichte
5015,4,Gründerzeit und Altstadt - hohe bauliche Dichte
5016,4,Gründerzeit und Altstadt - hohe bauliche Dichte
5017,4,Gründerzeit und Altstadt - hohe bauliche Dichte
5018,3,Gründerzeit hohe bauliche Dichte
5019,3,Gründerzeit hohe bauliche Dichte
5020,6,Zwischenkriegszeit (1919-1944)
5021,6,Zwischenkriegszeit (1919-1944)
5022,3,Gründerzeit hohe bauliche Dichte
5023,8,Wiederaufbau (1945-1960)
5024,3,Gründerzeit hohe bauliche Dichte
5025,3,Gründerzeit hohe bauliche Dichte
5026,3,Gründerzeit hohe bauliche Dichte
5027,10,Gemischtes Baualter -Zeitraum ab 1961 dominiert
5028,3,Gründerzeit hohe bauliche Dichte
5029,3,Gründerzeit hohe bauliche Dichte
5030,7,Gemischtes Baualter
5031,3,Gründerzeit hohe bauliche Dichte
5032,3,Gründerzeit hohe bauliche Dichte
5033,3,Gründerzeit hohe bauliche Dichte
5034,3,Gründerzeit hohe bauliche Dichte
5035,4,Gründerzeit und Altstadt - hohe bauliche Dichte
5036,4,Gründerzeit und Altstadt - hohe bauliche Dichte
5037,3,Gründerzeit hohe bauliche Dichte
5038,3,Gründerzeit hohe bauliche Dichte
5039,3,Gründerzeit hohe bauliche Dichte
5040,3,Gründerzeit hohe bauliche Dichte
5041,3,Gründerzeit hohe bauliche Dichte
5042,4,Gründerzeit und Altstadt - hohe bauliche Dichte
5043,4,Gründerzeit und Altstadt - hohe bauliche Dichte
5044,3,Gründerzeit hohe bauliche Dichte
5045,3,Gründerzeit hohe bauliche Dichte
5046,4,Gründerzeit und Altstadt - hohe bauliche Dichte
6010,4,Gründerzeit und Altstadt - hohe bauliche Dichte
6011,4,Gründerzeit und Altstadt - hohe bauliche Dichte
6012,4,Gründerzeit und Altstadt - hohe bauliche Dichte
6013,3,Gründerzeit hohe bauliche Dichte
6014,4,Gründerzeit und Altstadt - hohe bauliche Dichte
6015,3,Gründerzeit hohe bauliche Dichte
6016,4,Gründerzeit und Altstadt - hohe bauliche Dichte
6017,4,Gründerzeit und Altstadt - hohe bauliche Dichte
6018,3,Gründerzeit hohe bauliche Dichte
6019,3,Gründerzeit hohe bauliche Dichte
6020,3,Gründerzeit hohe bauliche Dichte
6021,3,Gründerzeit hohe bauliche Dichte
6022,3,Gründerzeit hohe bauliche Dichte
6023,3,Gründerzeit hohe bauliche Dichte
6024,4,Gründerzeit und Altstadt - hohe bauliche Dichte
6025,4,Gründerzeit und Altstadt - hohe bauliche Dichte
6026,6,Zwischenkriegszeit (1919-1944)
6027,10,Gemischtes Baualter -Zeitraum ab 1961 dominiert
6028,3,Gründerzeit hohe bauliche Dichte
6029,4,Gründerzeit und Altstadt - hohe bauliche Dichte
6030,4,Gründerzeit und Altstadt - hohe bauliche Dichte
6031,4,Gründerzeit und Altstadt - hohe bauliche Dichte
6032,4,Gründerzeit und Altstadt - hohe bauliche Dichte
6033,3,Gründerzeit hohe bauliche Dichte
6034,4,Gründerzeit und Altstadt - hohe bauliche Dichte
6035,3,Gründerzeit hohe bauliche Dichte
6036,4,Gründerzeit und Altstadt - hohe bauliche Dichte
6037,3,Gründerzeit hohe bauliche Dichte
6038,4,Gründerzeit und Altstadt - hohe bauliche Dichte
6039,3,Gründerzeit hohe bauliche Dichte
7010,4,Gründerzeit und Altstadt - hohe bauliche Dichte
7011,3,Gründerzeit hohe bauliche Dichte
7012,4,Gründerzeit und Altstadt - hohe bauliche Dichte
7013,4,Gründerzeit und Altstadt - hohe bauliche Dichte
7014,4,Gründerzeit und Altstadt - hohe bauliche Dichte
7015,4,Gründerzeit und Altstadt - hohe bauliche Dichte
7016,4,Gründerzeit und Altstadt - hohe bauliche Dichte
7020,4,Gründerzeit und Altstadt - hohe bauliche Dichte
7021,4,Gründerzeit und Altstadt - hohe bauliche Dichte
7022,4,Gründerzeit und Altstadt - hohe bauliche Dichte
7023,4,Gründerzeit und Altstadt - hohe bauliche Dichte
7024,4,Gründerzeit und Altstadt - hohe bauliche Dichte
7025,12,Bauperiode ab 1981 - gemischtes Baualter
7030,4,Gründerzeit und Altstadt - hohe bauliche Dichte
7031,4,Gründerzeit und Altstadt - hohe bauliche Dichte
7032,4,Gründerzeit und Altstadt - hohe bauliche Dichte
7033,4,Gründerzeit und Altstadt - hohe bauliche Dichte
7034,4,Gründerzeit und Altstadt - hohe bauliche Dichte
7035,4,Gründerzeit und Altstadt - hohe bauliche Dichte
7036,4,Gründerzeit und Altstadt - hohe bauliche Dichte
7040,3,Gründerzeit hohe bauliche Dichte
7041,4,Gründerzeit und Altstadt - hohe bauliche Dichte
7042,4,Gründerzeit und Altstadt - hohe bauliche Dichte
7043,4,Gründerzeit und Altstadt - hohe bauliche Dichte
7044,4,Gründerzeit und Altstadt - hohe bauliche Dichte
7045,4,Gründerzeit und Altstadt - hohe bauliche Dichte
7046,3,Gründerzeit hohe bauliche Dichte
7047,4,Gründerzeit und Altstadt - hohe bauliche Dichte
7048,4,Gründerzeit und Altstadt - hohe bauliche Dichte
7049,11,Bauperiode 1981-2000
7050,3,Gründerzeit hohe bauliche Dichte
7051,4,Gründerzeit und Altstadt - hohe bauliche Dichte
7052,4,Gründerzeit und Altstadt - hohe bauliche Dichte
7053,4,Gründerzeit und Altstadt - hohe bauliche Dichte
7054,4,Gründerzeit und Altstadt - hohe bauliche Dichte
7055,3,Gründerzeit hohe bauliche Dichte
7056,4,Gründerzeit und Altstadt - hohe bauliche Dichte
7057,4,Gründerzeit und Altstadt - hohe bauliche Dichte
8010,4,Gründerzeit und Altstadt - hohe bauliche Dichte
8011,3,Gründerzeit hohe bauliche Dichte
8012,4,Gründerzeit und Altstadt - hohe bauliche Dichte
8013,4,Gründerzeit und Altstadt - hohe bauliche Dichte
8014,3,Gründerzeit hohe bauliche Dichte
8015,3,Gründerzeit hohe bauliche Dichte
8016,4,Gründerzeit und Altstadt - hohe bauliche Dichte
8020,3,Gründerzeit hohe bauliche Dichte
8021,4,Gründerzeit und Altstadt - hohe bauliche Dichte
8022,4,Gründerzeit und Altstadt - hohe bauliche Dichte
8023,4,Gründerzeit und Altstadt - hohe bauliche Dichte
8024,4,Gründerzeit und Altstadt - hohe bauliche Dichte
8025,4,Gründerzeit und Altstadt - hohe bauliche Dichte
8026,4,Gründerzeit und Altstadt - hohe bauliche Dichte
8027,4,Gründerzeit und Altstadt - hohe bauliche Dichte
8028,4,Gründerzeit und Altstadt - hohe bauliche Dichte
8029,4,Gründerzeit und Altstadt - hohe bauliche Dichte
8030,3,Gründerzeit hohe bauliche Dichte
8031,4,Gründerzeit und Altstadt - hohe bauliche Dichte
8032,4,Gründerzeit und Altstadt - hohe bauliche Dichte
8033,4,Gründerzeit und Altstadt - hohe bauliche Dichte
8034,3,Gründerzeit hohe bauliche Dichte
8035,4,Gründerzeit und Altstadt - hohe bauliche Dichte
8036,4,Gründerzeit und Altstadt - hohe bauliche Dichte
9010,9,Wirtschaftswunder (1961-1980)
9011,3,Gründerzeit hohe bauliche Dichte
9012,3,Gründerzeit hohe bauliche Dichte
9013,3,Gründerzeit hohe bauliche Dichte
9014,3,Gründerzeit hohe bauliche Dichte
9015,10,Gemischtes Baualter -Zeitraum ab 1961 dominiert
9016,3,Gründerzeit hohe bauliche Dichte
9017,4,Gründerzeit und Altstadt - hohe bauliche Dichte
9020,7,Gemischtes Baualter
9021,3,Gründerzeit hohe bauliche Dichte
9022,4,Gründerzeit und Altstadt - hohe bauliche Dichte
9023,3,Gründerzeit hohe bauliche Dichte
9024,4,Gründerzeit und Altstadt - hohe bauliche Dichte
9025,3,Gründerzeit hohe bauliche Dichte
9026,3,Gründerzeit hohe bauliche Dichte
9027,3,Gründerzeit hohe bauliche Dichte
9028,4,Gründerzeit und Altstadt - hohe bauliche Dichte
9029,4,Gründerzeit und Altstadt - hohe bauliche Dichte
9030,12,Bauperiode ab 1981 - gemischtes Baualter
9031,4,Gründerzeit und Altstadt - hohe bauliche Dichte
9032,3,Gründerzeit hohe bauliche Dichte
9033,4,Gründerzeit und Altstadt - hohe bauliche Dichte
9034,4,Gründerzeit und Altstadt - hohe bauliche Dichte
9040,3,Gründerzeit hohe bauliche Dichte
9041,4,Gründerzeit und Altstadt - hohe bauliche Dichte
9042,4,Gründerzeit und Altstadt - hohe bauliche Dichte
9043,3,Gründerzeit hohe bauliche Dichte
9044,3,Gründerzeit hohe bauliche Dichte
9045,3,Gründerzeit hohe bauliche Dichte
9046,3,Gründerzeit hohe bauliche Dichte
9047,4,Gründerzeit und Altstadt - hohe bauliche Dichte
9048,3,Gründerzeit hohe bauliche Dichte
9049,3,Gründerzeit hohe bauliche Dichte
9050,4,Gründerzeit und Altstadt - hohe bauliche Dichte
9051,4,Gründerzeit und Altstadt - hohe bauliche Dichte
9052,4,Gründerzeit und Altstadt - hohe bauliche Dichte
9053,4,Gründerzeit und Altstadt - hohe bauliche Dichte
9054,4,Gründerzeit und Altstadt - hohe bauliche Dichte
9055,3,Gründerzeit hohe bauliche Dichte
9056,4,Gründerzeit und Altstadt - hohe bauliche Dichte
9057,4,Gründerzeit und Altstadt - hohe bauliche Dichte
9060,13,Bauperiode ab 2001
9061,13,Bauperiode ab 2001
9062,4,Gründerzeit und Altstadt - hohe bauliche Dichte
9063,4,Gründerzeit und Altstadt - hohe bauliche Dichte
9064,4,Gründerzeit und Altstadt - hohe bauliche Dichte
10010,13,Bauperiode ab 2001
10011,13,Bauperiode ab 2001
10020,10,Gemischtes Baualter -Zeitraum ab 1961 dominiert
10021,6,Zwischenkriegszeit (1919-1944)
10022,8,Wiederaufbau (1945-1960)
10023,3,Gründerzeit hohe bauliche Dichte
10024,3,Gründerzeit hohe bauliche Dichte
10025,10,Gemischtes Baualter -Zeitraum ab 1961 dominiert
10026,10,Gemischtes Baualter -Zeitraum ab 1961 dominiert
10027,7,Gemischtes Baualter
10028,11,Bauperiode 1981-2000
10030,3,Gründerzeit hohe bauliche Dichte
10031,8,Wiederaufbau (1945-1960)
10032,10,Gemischtes Baualter -Zeitraum ab 1961 dominiert
10033,0,nahezu unbewohnt
10034,10,Gemischtes Baualter -Zeitraum ab 1961 dominiert
10040,3,Gründerzeit hohe bauliche Dichte
10041,3,Gründerzeit hohe bauliche Dichte
10042,3,Gründerzeit hohe bauliche Dichte
10043,3,Gründerzeit hohe bauliche Dichte
10044,3,Gründerzeit hohe bauliche Dichte
10045,3,Gründerzeit hohe bauliche Dichte
10046,3,Gründerzeit hohe bauliche Dichte
10047,3,Gründerzeit hohe bauliche Dichte
10050,3,Gründerzeit hohe bauliche Dichte
10051,10,Gemischtes Baualter -Zeitraum ab 1961 dominiert
10052,3,Gründerzeit hohe bauliche Dichte
10053,3,Gründerzeit hohe bauliche Dichte
10054,12,Bauperiode ab 1981 - gemischtes Baualter
10055,3,Gründerzeit hohe bauliche Dichte
10056,9,Wirtschaftswunder (1961-1980)
10057,11,Bauperiode 1981-2000
10060,10,Gemischtes Baualter -Zeitraum ab 1961 dominiert
10061,3,Gründerzeit hohe bauliche Dichte
10062,3,Gründerzeit hohe bauliche Dichte
10063,3,Gründerzeit hohe bauliche Dichte
10064,3,Gründerzeit hohe bauliche Dichte
10065,4,Gründerzeit und Altstadt - hohe bauliche Dichte
10070,8,Wiederaufbau (1945-1960)
10071,9,Wirtschaftswunder (1961-1980)
10072,10,Gemischtes Baualter -Zeitraum ab 1961 dominiert
10073,10,Gemischtes Baualter -Zeitraum ab 1961 dominiert
10080,3,Gründerzeit hohe bauliche Dichte
10081,3,Gründerzeit hohe bauliche Dichte
10082,9,Wirtschaftswunder (1961-1980)
10083,10,Gemischtes Baualter -Zeitraum ab 1961 dominiert
10084,7,Gemischtes Baualter
10090,11,Bauperiode 1981-2000
10091,8,Wiederaufbau (1945-1960)
10092,6,Zwischenkriegszeit (1919-1944)
10093,0,nahezu unbewohnt
10100,9,Wirtschaftswunder (1961-1980)
10101,9,Wirtschaftswunder (1961-1980)
10102,6,Zwischenkriegszeit (1919-1944)
10103,8,Wiederaufbau (1945-1960)
10104,10,Gemischtes Baualter -Zeitraum ab 1961 dominiert
10105,9,Wirtschaftswunder (1961-1980)
10106,6,Zwischenkriegszeit (1919-1944)
10107,8,Wiederaufbau (1945-1960)
10108,6,Zwischenkriegszeit (1919-1944)
10110,1,Einfamilienhaus und Kleingarten
10111,2,Einfamilienhaus und Kleingarten mit signifikantem Anteil an Geschoßwohnbau
10112,6,Zwischenkriegszeit (1919-1944)
10113,11,Bauperiode 1981-2000
10114,1,Einfamilienhaus und Kleingarten
10115,0,nahezu unbewohnt
10116,9,Wirtschaftswunder (1961-1980)
10120,13,Bauperiode ab 2001
10121,0,nahezu unbewohnt
10130,8,Wiederaufbau (1945-1960)
10131,9,Wirtschaftswunder (1961-1980)
10132,1,Einfamilienhaus und Kleingarten
10133,9,Wirtschaftswunder (1961-1980)
10134,8,Wiederaufbau (1945-1960)
10135,1,Einfamilienhaus und Kleingarten
10140,9,Wirtschaftswunder (1961-1980)
10141,8,Wiederaufbau (1945-1960)
10142,1,Einfamilienhaus und Kleingarten
10143,1,Einfamilienhaus und Kleingarten
10144,8,Wiederaufbau (1945-1960)
10150,1,Einfamilienhaus und Kleingarten
10151,13,Bauperiode ab 2001
10152,9,Wirtschaftswunder (1961-1980)
10160,6,Zwischenkriegszeit (1919-1944)
10161,2,Einfamilienhaus und Kleingarten mit signifikantem Anteil an Geschoßwohnbau
10162,11,Bauperiode 1981-2000
10163,1,Einfamilienhaus und Kleingarten
10164,1,Einfamilienhaus und Kleingarten
10170,1,Einfamilienhaus und Kleingarten
10180,12,Bauperiode ab 1981 - gemischtes Baualter
10181,2,Einfamilienhaus und Kleingarten mit signifikantem Anteil an Geschoßwohnbau
10190,0,nahezu unbewohnt
10191,9,Wirtschaftswunder (1961-1980)
10192,1,Einfamilienhaus und Kleingarten
10193,12,Bauperiode ab 1981 - gemischtes Baualter
10194,2,Einfamilienhaus und Kleingarten mit signifikantem Anteil an Geschoßwohnbau
10195,1,Einfamilienhaus und Kleingarten
10200,9,Wirtschaftswunder (1961-1980)
10201,9,Wirtschaftswunder (1961-1980)
10202,9,Wirtschaftswunder (1961-1980)
10203,9,Wirtschaftswunder (1961-1980)
10210,11,Bauperiode 1981-2000
10220,4,Gründerzeit und Altstadt - hohe bauliche Dichte
10221,3,Gründerzeit hohe bauliche Dichte
10222,10,Gemischtes Baualter -Zeitraum ab 1961 dominiert
10223,8,Wiederaufbau (1945-1960)
10230,6,Zwischenkriegszeit (1919-1944)
10231,10,Gemischtes Baualter -Zeitraum ab 1961 dominiert
10232,12,Bauperiode ab 1981 - gemischtes Baualter
10233,9,Wirtschaftswunder (1961-1980)
10234,13,Bauperiode ab 2001
11010,13,Bauperiode ab 2001
11011,13,Bauperiode ab 2001
11020,4,Gründerzeit und Altstadt - hohe bauliche Dichte
11021,4,Gründerzeit und Altstadt - hohe bauliche Dichte
11022,8,Wiederaufbau (1945-1960)
11023,10,Gemischtes Baualter -Zeitraum ab 1961 dominiert
11024,6,Zwischenkriegszeit (1919-1944)
11025,9,Wirtschaftswunder (1961-1980)
11026,13,Bauperiode ab 2001
11027,10,Gemischtes Baualter -Zeitraum ab 1961 dominiert
11028,10,Gemischtes Baualter -Zeitraum ab 1961 dominiert
11030,11,Bauperiode 1981-2000
11031,10,Gemischtes Baualter -Zeitraum ab 1961 dominiert
11032,8,Wiederaufbau (1945-1960)
11033,10,Gemischtes Baualter -Zeitraum ab 1961 dominiert
11034,6,Zwischenkriegszeit (1919-1944)
11035,5,Gründerzeit niedrige bauliche Dichte
11036,6,Zwischenkriegszeit (1919-1944)
11037,9,Wirtschaftswunder (1961-1980)
11038,10,Gemischtes Baualter -Zeitraum ab 1961 dominiert
11039,10,Gemischtes Baualter -Zeitraum ab 1961 dominiert
11040,8,Wiederaufbau (1945-1960)
11041,10,Gemischtes Baualter -Zeitraum ab 1961 dominiert
11042,0,nahezu unbewohnt
11050,6,Zwischenkriegszeit (1919-1944)
11051,8,Wiederaufbau (1945-1960)
11052,12,Bauperiode ab 1981 - gemischtes Baualter
11053,9,Wirtschaftswunder (1961-1980)
11054,11,Bauperiode 1981-2000
11055,1,Einfamilienhaus und Kleingarten
11060,1,Einfamilienhaus und Kleingarten
11061,0,nahezu unbewohnt
11062,0,nahezu unbewohnt
11070,12,Bauperiode ab 1981 - gemischtes Baualter
11071,9,Wirtschaftswunder (1961-1980)
11080,0,nahezu unbewohnt
11081,11,Bauperiode 1981-2000
11090,13,Bauperiode ab 2001
11100,12,Bauperiode ab 1981 - gemischtes Baualter
11101,12,Bauperiode ab 1981 - gemischtes Baualter
11110,5,Gründerzeit niedrige bauliche Dichte
11111,10,Gemischtes Baualter -Zeitraum ab 1961 dominiert
11112,9,Wirtschaftswunder (1961-1980)
11120,1,Einfamilienhaus und Kleingarten
11130,12,Bauperiode ab 1981 - gemischtes Baualter
11131,2,Einfamilienhaus und Kleingarten mit signifikantem Anteil an Geschoßwohnbau
12010,4,Gründerzeit und Altstadt - hohe bauliche Dichte
12011,4,Gründerzeit und Altstadt - hohe bauliche Dichte
12012,10,Gemischtes Baualter -Zeitraum ab 1961 dominiert
12013,4,Gründerzeit und Altstadt - hohe bauliche Dichte
12020,6,Zwischenkriegszeit (1919-1944)
12021,3,Gründerzeit hohe bauliche Dichte
12022,3,Gründerzeit hohe bauliche Dichte
12023,6,Zwischenkriegszeit (1919-1944)
12024,12,Bauperiode ab 1981 - gemischtes Baualter
12025,3,Gründerzeit hohe bauliche Dichte
12026,3,Gründerzeit hohe bauliche Dichte
12027,6,Zwischenkriegszeit (1919-1944)
12028,10,Gemischtes Baualter -Zeitraum ab 1961 dominiert
12029,10,Gemischtes Baualter -Zeitraum ab 1961 dominiert
12030,13,Bauperiode ab 2001
12031,6,Zwischenkriegszeit (1919-1944)
12032,8,Wiederaufbau (1945-1960)
12033,6,Zwischenkriegszeit (1919-1944)
12034,8,Wiederaufbau (1945-1960)
12040,3,Gründerzeit hohe bauliche Dichte
12041,10,Gemischtes Baualter -Zeitraum ab 1961 dominiert
12042,3,Gründerzeit hohe bauliche Dichte
12043,9,Wirtschaftswunder (1961-1980)
12044,4,Gründerzeit und Altstadt - hohe bauliche Dichte
12045,10,Gemischtes Baualter -Zeitraum ab 1961 dominiert
12046,3,Gründerzeit hohe bauliche Dichte
12047,4,Gründerzeit und Altstadt - hohe bauliche Dichte
12050,7,Gemischtes Baualter
12051,10,Gemischtes Baualter -Zeitraum ab 1961 dominiert
12052,4,Gründerzeit und Altstadt - hohe bauliche Dichte
12053,4,Gründerzeit und Altstadt - hohe bauliche Dichte
12054,3,Gründerzeit hohe bauliche Dichte
12055,10,Gemischtes Baualter -Zeitraum ab 1961 dominiert
12056,10,Gemischtes Baualter -Zeitraum ab 1961 dominiert
12057,10,Gemischtes Baualter -Zeitraum ab 1961 dominiert
12060,4,Gründerzeit und Altstadt - hohe bauliche Dichte
12061,4,Gründerzeit und Altstadt - hohe bauliche Dichte
12062,9,Wirtschaftswunder (1961-1980)
12063,4,Gründerzeit und Altstadt - hohe bauliche Dichte
12064,4,Gründerzeit und Altstadt - hohe bauliche Dichte
12065,3,Gründerzeit hohe bauliche Dichte
12066,4,Gründerzeit und Altstadt - hohe bauliche Dichte
12067,3,Gründerzeit hohe bauliche Dichte
12070,8,Wiederaufbau (1945-1960)
12071,6,Zwischenkriegszeit (1919-1944)
12072,8,Wiederaufbau (1945-1960)
12073,6,Zwischenkriegszeit (1919-1944)
12074,10,Gemischtes Baualter -Zeitraum ab 1961 dominiert
12075,10,Gemischtes Baualter -Zeitraum ab 1961 dominiert
12076,1,Einfamilienhaus und Kleingarten
12080,4,Gründerzeit und Altstadt - hohe bauliche Dichte
12081,3,Gründerzeit hohe bauliche Dichte
12082,10,Gemischtes Baualter -Zeitraum ab 1961 dominiert
12083,4,Gründerzeit und Altstadt - hohe bauliche Dichte
12084,1,Einfamilienhaus und Kleingarten
12090,8,Wiederaufbau (1945-1960)
12091,9,Wirtschaftswunder (1961-1980)
12100,10,Gemischtes Baualter -Zeitraum ab 1961 dominiert
12101,1,Einfamilienhaus und Kleingarten
12102,13,Bauperiode ab 2001
12103,10,Gemischtes Baualter -Zeitraum ab 1961 dominiert
12104,12,Bauperiode ab 1981 - gemischtes Baualter
12105,1,Einfamilienhaus und Kleingarten
12106,9,Wirtschaftswunder (1961-1980)
12107,5,Gründerzeit niedrige bauliche Dichte
12108,13,Bauperiode ab 2001
12110,1,Einfamilienhaus und Kleingarten
12111,5,Gründerzeit niedrige bauliche Dichte
12112,10,Gemischtes Baualter -Zeitraum ab 1961 dominiert
12113,10,Gemischtes Baualter -Zeitraum ab 1961 dominiert
12114,10,Gemischtes Baualter -Zeitraum ab 1961 dominiert
12115,1,Einfamilienhaus und Kleingarten
12116,10,Gemischtes Baualter -Zeitraum ab 1961 dominiert
13010,5,Gründerzeit niedrige bauliche Dichte
13011,6,Zwischenkriegszeit (1919-1944)
13020,10,Gemischtes Baualter -Zeitraum ab 1961 dominiert
13021,5,Gründerzeit niedrige bauliche Dichte
13022,5,Gründerzeit niedrige bauliche Dichte
13023,4,Gründerzeit und Altstadt - hohe bauliche Dichte
13024,10,Gemischtes Baualter -Zeitraum ab 1961 dominiert
13025,7,Gemischtes Baualter
13026,5,Gründerzeit niedrige bauliche Dichte
13027,10,Gemischtes Baualter -Zeitraum ab 1961 dominiert
13030,10,Gemischtes Baualter -Zeitraum ab 1961 dominiert
13031,10,Gemischtes Baualter -Zeitraum ab 1961 dominiert
13032,10,Gemischtes Baualter -Zeitraum ab 1961 dominiert
13033,8,Wiederaufbau (1945-1960)
13034,9,Wirtschaftswunder (1961-1980)
13035,10,Gemischtes Baualter -Zeitraum ab 1961 dominiert
13036,10,Gemischtes Baualter -Zeitraum ab 1961 dominiert
13040,10,Gemischtes Baualter -Zeitraum ab 1961 dominiert
13041,8,Wiederaufbau (1945-1960)
13042,1,Einfamilienhaus und Kleingarten
13043,10,Gemischtes Baualter -Zeitraum ab 1961 dominiert
13044,10,Gemischtes Baualter -Zeitraum ab 1961 dominiert
13045,5,Gründerzeit niedrige bauliche Dichte
13046,8,Wiederaufbau (1945-1960)
13047,2,Einfamilienhaus und Kleingarten mit signifikantem Anteil an Geschoßwohnbau
13050,7,Gemischtes Baualter
13051,1,Einfamilienhaus und Kleingarten
13052,10,Gemischtes Baualter -Zeitraum ab 1961 dominiert
13060,10,Gemischtes Baualter -Zeitraum ab 1961 dominiert
13061,2,Einfamilienhaus und Kleingarten mit signifikantem Anteil an Geschoßwohnbau
13070,8,Wiederaufbau (1945-1960)
13071,9,Wirtschaftswunder (1961-1980)
13072,2,Einfamilienhaus und Kleingarten mit signifikantem Anteil an Geschoßwohnbau
13073,9,Wirtschaftswunder (1961-1980)
13080,10,Gemischtes Baualter -Zeitraum ab 1961 dominiert
13081,8,Wiederaufbau (1945-1960)
13082,10,Gemischtes Baualter -Zeitraum ab 1961 dominiert
13083,2,Einfamilienhaus und Kleingarten mit signifikantem Anteil an Geschoßwohnbau
13084,9,Wirtschaftswunder (1961-1980)
13090,11,Bauperiode 1981-2000
13091,2,Einfamilienhaus und Kleingarten mit signifikantem Anteil an Geschoßwohnbau
13092,6,Zwischenkriegszeit (1919-1944)
13093,9,Wirtschaftswunder (1961-1980)
13094,8,Wiederaufbau (1945-1960)
13095,1,Einfamilienhaus und Kleingarten
13100,1,Einfamilienhaus und Kleingarten
13101,0,nahezu unbewohnt
13102,0,nahezu unbewohnt
13110,1,Einfamilienhaus und Kleingarten
13111,1,Einfamilienhaus und Kleingarten
13112,1,Einfamilienhaus und Kleingarten
13113,1,Einfamilienhaus und Kleingarten
14010,9,Wirtschaftswunder (1961-1980)
14011,12,Bauperiode ab 1981 - gemischtes Baualter
14012,4,Gründerzeit und Altstadt - hohe bauliche Dichte
14013,8,Wiederaufbau (1945-1960)
14014,4,Gründerzeit und Altstadt - hohe bauliche Dichte
14015,4,Gründerzeit und Altstadt - hohe bauliche Dichte
14020,3,Gründerzeit hohe bauliche Dichte
14021,3,Gründerzeit hohe bauliche Dichte
14022,3,Gründerzeit hohe bauliche Dichte
14023,4,Gründerzeit und Altstadt - hohe bauliche Dichte
14024,3,Gründerzeit hohe bauliche Dichte
14025,4,Gründerzeit und Altstadt - hohe bauliche Dichte
14026,5,Gründerzeit niedrige bauliche Dichte
14030,10,Gemischtes Baualter -Zeitraum ab 1961 dominiert
14031,6,Zwischenkriegszeit (1919-1944)
14032,9,Wirtschaftswunder (1961-1980)
14033,5,Gründerzeit niedrige bauliche Dichte
14034,5,Gründerzeit niedrige bauliche Dichte
14035,5,Gründerzeit niedrige bauliche Dichte
14036,5,Gründerzeit niedrige bauliche Dichte
14037,5,Gründerzeit niedrige bauliche Dichte
14038,9,Wirtschaftswunder (1961-1980)
14039,5,Gründerzeit niedrige bauliche Dichte
14040,7,Gemischtes Baualter
14041,11,Bauperiode 1981-2000
14042,10,Gemischtes Baualter -Zeitraum ab 1961 dominiert
14043,10,Gemischtes Baualter -Zeitraum ab 1961 dominiert
14044,3,Gründerzeit hohe bauliche Dichte
14045,3,Gründerzeit hohe bauliche Dichte
14046,3,Gründerzeit hohe bauliche Dichte
14047,7,Gemischtes Baualter
14048,3,Gründerzeit hohe bauliche Dichte
14049,9,Wirtschaftswunder (1961-1980)
14050,1,Einfamilienhaus und Kleingarten
14051,1,Einfamilienhaus und Kleingarten
14052,6,Zwischenkriegszeit (1919-1944)
14053,1,Einfamilienhaus und Kleingarten
14060,10,Gemischtes Baualter -Zeitraum ab 1961 dominiert
14061,11,Bauperiode 1981-2000
14062,5,Gründerzeit niedrige bauliche Dichte
14063,10,Gemischtes Baualter -Zeitraum ab 1961 dominiert
14064,10,Gemischtes Baualter -Zeitraum ab 1961 dominiert
14065,9,Wirtschaftswunder (1961-1980)
14066,4,Gründerzeit und Altstadt - hohe bauliche Dichte
14067,10,Gemischtes Baualter -Zeitraum ab 1961 dominiert
14068,5,Gründerzeit niedrige bauliche Dichte
14070,8,Wiederaufbau (1945-1960)
14071,8,Wiederaufbau (1945-1960)
14080,2,Einfamilienhaus und Kleingarten mit signifikantem Anteil an Geschoßwohnbau
14081,10,Gemischtes Baualter -Zeitraum ab 1961 dominiert
14082,8,Wiederaufbau (1945-1960)
14083,9,Wirtschaftswunder (1961-1980)
14084,9,Wirtschaftswunder (1961-1980)
14090,9,Wirtschaftswunder (1961-1980)
14100,2,Einfamilienhaus und Kleingarten mit signifikantem Anteil an Geschoßwohnbau
14101,1,Einfamilienhaus und Kleingarten
14102,10,Gemischtes Baualter -Zeitraum ab 1961 dominiert
14103,10,Gemischtes Baualter -Zeitraum ab 1961 dominiert
14104,10,Gemischtes Baualter -Zeitraum ab 1961 dominiert
14110,1,Einfamilienhaus und Kleingarten
14111,1,Einfamilienhaus und Kleingarten
14112,1,Einfamilienhaus und Kleingarten
14113,1,Einfamilienhaus und Kleingarten
14120,1,Einfamilienhaus und Kleingarten
14121,10,Gemischtes Baualter -Zeitraum ab 1961 dominiert
14122,5,Gründerzeit niedrige bauliche Dichte
14123,9,Wirtschaftswunder (1961-1980)
15010,8,Wiederaufbau (1945-1960)
15011,6,Zwischenkriegszeit (1919-1944)
15012,3,Gründerzeit hohe bauliche Dichte
15013,10,Gemischtes Baualter -Zeitraum ab 1961 dominiert
15014,3,Gründerzeit hohe bauliche Dichte
15015,10,Gemischtes Baualter -Zeitraum ab 1961 dominiert
15016,3,Gründerzeit hohe bauliche Dichte
15017,3,Gründerzeit hohe bauliche Dichte
15018,6,Zwischenkriegszeit (1919-1944)
15019,3,Gründerzeit hohe bauliche Dichte
15020,3,Gründerzeit hohe bauliche Dichte
15021,3,Gründerzeit hohe bauliche Dichte
15022,3,Gründerzeit hohe bauliche Dichte
15023,3,Gründerzeit hohe bauliche Dichte
15024,3,Gründerzeit hohe bauliche Dichte
15025,3,Gründerzeit hohe bauliche Dichte
15026,3,Gründerzeit hohe bauliche Dichte
15027,3,Gründerzeit hohe bauliche Dichte
15028,4,Gründerzeit und Altstadt - hohe bauliche Dichte
15029,4,Gründerzeit und Altstadt - hohe bauliche Dichte
15030,13,Bauperiode ab 2001
15031,3,Gründerzeit hohe bauliche Dichte
15032,4,Gründerzeit und Altstadt - hohe bauliche Dichte
15033,3,Gründerzeit hohe bauliche Dichte
15034,4,Gründerzeit und Altstadt - hohe bauliche Dichte
15035,4,Gründerzeit und Altstadt - hohe bauliche Dichte
15036,4,Gründerzeit und Altstadt - hohe bauliche Dichte
15037,4,Gründerzeit und Altstadt - hohe bauliche Dichte
15038,4,Gründerzeit und Altstadt - hohe bauliche Dichte
15039,3,Gründerzeit hohe bauliche Dichte
15040,3,Gründerzeit hohe bauliche Dichte
15041,10,Gemischtes Baualter -Zeitraum ab 1961 dominiert
15042,4,Gründerzeit und Altstadt - hohe bauliche Dichte
15043,3,Gründerzeit hohe bauliche Dichte
15044,3,Gründerzeit hohe bauliche Dichte
15045,4,Gründerzeit und Altstadt - hohe bauliche Dichte
15046,3,Gründerzeit hohe bauliche Dichte
15050,0,nahezu unbewohnt
15051,4,Gründerzeit und Altstadt - hohe bauliche Dichte
15052,3,Gründerzeit hohe bauliche Dichte
15053,3,Gründerzeit hohe bauliche Dichte
15054,10,Gemischtes Baualter -Zeitraum ab 1961 dominiert
15055,3,Gründerzeit hohe bauliche Dichte
15056,10,Gemischtes Baualter -Zeitraum ab 1961 dominiert
15057,4,Gründerzeit und Altstadt - hohe bauliche Dichte
15060,3,Gründerzeit hohe bauliche Dichte
15061,10,Gemischtes Baualter -Zeitraum ab 1961 dominiert
15062,4,Gründerzeit und Altstadt - hohe bauliche Dichte
15063,3,Gründerzeit hohe bauliche Dichte
15064,3,Gründerzeit hohe bauliche Dichte
15065,3,Gründerzeit hohe bauliche Dichte
15066,3,Gründerzeit hohe bauliche Dichte
15067,3,Gründerzeit hohe bauliche Dichte
15068,3,Gründerzeit hohe bauliche Dichte
15069,3,Gründerzeit hohe bauliche Dichte
15070,9,Wirtschaftswunder (1961-1980)
15071,6,Zwischenkriegszeit (1919-1944)
15072,6,Zwischenkriegszeit (1919-1944)
15073,11,Bauperiode 1981-2000
15074,3,Gründerzeit hohe bauliche Dichte
15075,6,Zwischenkriegszeit (1919-1944)
15076,8,Wiederaufbau (1945-1960)
15077,3,Gründerzeit hohe bauliche Dichte
16010,4,Gründerzeit und Altstadt - hohe bauliche Dichte
16011,5,Gründerzeit niedrige bauliche Dichte
16012,3,Gründerzeit hohe bauliche Dichte
16013,3,Gründerzeit hohe bauliche Dichte
16014,3,Gründerzeit hohe bauliche Dichte
16015,4,Gründerzeit und Altstadt - hohe bauliche Dichte
16016,4,Gründerzeit und Altstadt - hohe bauliche Dichte
16017,3,Gründerzeit hohe bauliche Dichte
16018,4,Gründerzeit und Altstadt - hohe bauliche Dichte
16020,3,Gründerzeit hohe bauliche Dichte
16021,3,Gründerzeit hohe bauliche Dichte
16022,3,Gründerzeit hohe bauliche Dichte
16023,4,Gründerzeit und Altstadt - hohe bauliche Dichte
16024,4,Gründerzeit und Altstadt - hohe bauliche Dichte
16025,3,Gründerzeit hohe bauliche Dichte
16026,4,Gründerzeit und Altstadt - hohe bauliche Dichte
16030,11,Bauperiode 1981-2000
16031,3,Gründerzeit hohe bauliche Dichte
16032,8,Wiederaufbau (1945-1960)
16033,6,Zwischenkriegszeit (1919-1944)
16034,8,Wiederaufbau (1945-1960)
16035,10,Gemischtes Baualter -Zeitraum ab 1961 dominiert
16036,3,Gründerzeit hohe bauliche Dichte
16037,11,Bauperiode 1981-2000
16040,10,Gemischtes Baualter -Zeitraum ab 1961 dominiert
16041,4,Gründerzeit und Altstadt - hohe bauliche Dichte
16042,3,Gründerzeit hohe bauliche Dichte
16043,10,Gemischtes Baualter -Zeitraum ab 1961 dominiert
16044,10,Gemischtes Baualter -Zeitraum ab 1961 dominiert
16045,9,Wirtschaftswunder (1961-1980)
16046,4,Gründerzeit und Altstadt - hohe bauliche Dichte
16050,10,Gemischtes Baualter -Zeitraum ab 1961 dominiert
16051,3,Gründerzeit hohe bauliche Dichte
16052,3,Gründerzeit hohe bauliche Dichte
16053,10,Gemischtes Baualter -Zeitraum ab 1961 dominiert
16054,4,Gründerzeit und Altstadt - hohe bauliche Dichte
16055,3,Gründerzeit hohe bauliche Dichte
16056,4,Gründerzeit und Altstadt - hohe bauliche Dichte
16057,4,Gründerzeit und Altstadt - hohe bauliche Dichte
16058,3,Gründerzeit hohe bauliche Dichte
16059,10,Gemischtes Baualter -Zeitraum ab 1961 dominiert
16060,6,Zwischenkriegszeit (1919-1944)
16061,6,Zwischenkriegszeit (1919-1944)
16062,3,Gründerzeit hohe bauliche Dichte
16063,11,Bauperiode 1981-2000
16064,9,Wirtschaftswunder (1961-1980)
16065,3,Gründerzeit hohe bauliche Dichte
16066,10,Gemischtes Baualter -Zeitraum ab 1961 dominiert
16070,3,Gründerzeit hohe bauliche Dichte
16071,4,Gründerzeit und Altstadt - hohe bauliche Dichte
16072,3,Gründerzeit hohe bauliche Dichte
16073,3,Gründerzeit hohe bauliche Dichte
16074,8,Wiederaufbau (1945-1960)
16075,10,Gemischtes Baualter -Zeitraum ab 1961 dominiert
16080,6,Zwischenkriegszeit (1919-1944)
16081,9,Wirtschaftswunder (1961-1980)
16082,1,Einfamilienhaus und Kleingarten
16083,10,Gemischtes Baualter -Zeitraum ab 1961 dominiert
16084,1,Einfamilienhaus und Kleingarten
16090,9,Wirtschaftswunder (1961-1980)
16091,2,Einfamilienhaus und Kleingarten mit signifikantem Anteil an Geschoßwohnbau
16092,10,Gemischtes Baualter -Zeitraum ab 1961 dominiert
16093,0,nahezu unbewohnt
16100,8,Wiederaufbau (1945-1960)
16101,3,Gründerzeit hohe bauliche Dichte
16102,3,Gründerzeit hohe bauliche Dichte
16103,4,Gründerzeit und Altstadt - hohe bauliche Dichte
16104,3,Gründerzeit hohe bauliche Dichte
16105,3,Gründerzeit hohe bauliche Dichte
16106,3,Gründerzeit hohe bauliche Dichte
16107,3,Gründerzeit hohe bauliche Dichte
16108,3,Gründerzeit hohe bauliche Dichte
17010,10,Gemischtes Baualter -Zeitraum ab 1961 dominiert
17011,4,Gründerzeit und Altstadt - hohe bauliche Dichte
17012,4,Gründerzeit und Altstadt - hohe bauliche Dichte
17013,4,Gründerzeit und Altstadt - hohe bauliche Dichte
17014,3,Gründerzeit hohe bauliche Dichte
17015,3,Gründerzeit hohe bauliche Dichte
17016,3,Gründerzeit hohe bauliche Dichte
17017,4,Gründerzeit und Altstadt - hohe bauliche Dichte
17018,4,Gründerzeit und Altstadt - hohe bauliche Dichte
17020,4,Gründerzeit und Altstadt - hohe bauliche Dichte
17021,4,Gründerzeit und Altstadt - hohe bauliche Dichte
17022,3,Gründerzeit hohe bauliche Dichte
17023,4,Gründerzeit und Altstadt - hohe bauliche Dichte
17024,5,Gründerzeit niedrige bauliche Dichte
17025,4,Gründerzeit und Altstadt - hohe bauliche Dichte
17026,10,Gemischtes Baualter -Zeitraum ab 1961 dominiert
17027,4,Gründerzeit und Altstadt - hohe bauliche Dichte
17028,4,Gründerzeit und Altstadt - hohe bauliche Dichte
17029,4,Gründerzeit und Altstadt - hohe bauliche Dichte
17030,10,Gemischtes Baualter -Zeitraum ab 1961 dominiert
17031,10,Gemischtes Baualter -Zeitraum ab 1961 dominiert
17032,3,Gründerzeit hohe bauliche Dichte
17033,3,Gründerzeit hohe bauliche Dichte
17034,3,Gründerzeit hohe bauliche Dichte
17035,10,Gemischtes Baualter -Zeitraum ab 1961 dominiert
17036,10,Gemischtes Baualter -Zeitraum ab 1961 dominiert
17037,4,Gründerzeit und Altstadt - hohe bauliche Dichte
17038,4,Gründerzeit und Altstadt - hohe bauliche Dichte
17039,4,Gründerzeit und Altstadt - hohe bauliche Dichte
17040,1,Einfamilienhaus und Kleingarten
17041,11,Bauperiode 1981-2000
17042,10,Gemischtes Baualter -Zeitraum ab 1961 dominiert
17050,2,Einfamilienhaus und Kleingarten mit signifikantem Anteil an Geschoßwohnbau
17051,10,Gemischtes Baualter -Zeitraum ab 1961 dominiert
17052,1,Einfamilienhaus und Kleingarten
17060,1,Einfamilienhaus und Kleingarten
17061,10,Gemischtes Baualter -Zeitraum ab 1961 dominiert
17062,1,Einfamilienhaus und Kleingarten
18010,10,Gemischtes Baualter -Zeitraum ab 1961 dominiert
18011,10,Gemischtes Baualter -Zeitraum ab 1961 dominiert
18012,5,Gründerzeit niedrige bauliche Dichte
18013,5,Gründerzeit niedrige bauliche Dichte
18020,4,Gründerzeit und Altstadt - hohe bauliche Dichte
18021,4,Gründerzeit und Altstadt - hohe bauliche Dichte
18022,4,Gründerzeit und Altstadt - hohe bauliche Dichte
18023,4,Gründerzeit und Altstadt - hohe bauliche Dichte
18024,4,Gründerzeit und Altstadt - hohe bauliche Dichte
18025,4,Gründerzeit und Altstadt - hohe bauliche Dichte
18026,9,Wirtschaftswunder (1961-1980)
18027,4,Gründerzeit und Altstadt - hohe bauliche Dichte
18028,3,Gründerzeit hohe bauliche Dichte
18029,3,Gründerzeit hohe bauliche Dichte
18030,6,Zwischenkriegszeit (1919-1944)
18031,4,Gründerzeit und Altstadt - hohe bauliche Dichte
18032,3,Gründerzeit hohe bauliche Dichte
18033,4,Gründerzeit und Altstadt - hohe bauliche Dichte
18034,4,Gründerzeit und Altstadt - hohe bauliche Dichte
18035,4,Gründerzeit und Altstadt - hohe bauliche Dichte
18036,4,Gründerzeit und Altstadt - hohe bauliche Dichte
18037,3,Gründerzeit hohe bauliche Dichte
18038,4,Gründerzeit und Altstadt - hohe bauliche Dichte
18039,4,Gründerzeit und Altstadt - hohe bauliche Dichte
18040,5,Gründerzeit niedrige bauliche Dichte
18041,5,Gründerzeit niedrige bauliche Dichte
18042,10,Gemischtes Baualter -Zeitraum ab 1961 dominiert
18043,7,Gemischtes Baualter
18044,5,Gründerzeit niedrige bauliche Dichte
18045,5,Gründerzeit niedrige bauliche Dichte
18046,5,Gründerzeit niedrige bauliche Dichte
18047,8,Wiederaufbau (1945-1960)
18048,5,Gründerzeit niedrige bauliche Dichte
18049,8,Wiederaufbau (1945-1960)
18050,9,Wirtschaftswunder (1961-1980)
18051,1,Einfamilienhaus und Kleingarten
18052,10,Gemischtes Baualter -Zeitraum ab 1961 dominiert
18053,10,Gemischtes Baualter -Zeitraum ab 1961 dominiert
18054,0,nahezu unbewohnt
19010,1,Einfamilienhaus und Kleingarten
19011,1,Einfamilienhaus und Kleingarten
19012,8,Wiederaufbau (1945-1960)
19013,5,Gründerzeit niedrige bauliche Dichte
19014,10,Gemischtes Baualter -Zeitraum ab 1961 dominiert
19015,10,Gemischtes Baualter -Zeitraum ab 1961 dominiert
19016,10,Gemischtes Baualter -Zeitraum ab 1961 dominiert
19017,0,nahezu unbewohnt
19018,1,Einfamilienhaus und Kleingarten
19019,0,nahezu unbewohnt
19020,10,Gemischtes Baualter -Zeitraum ab 1961 dominiert
19021,10,Gemischtes Baualter -Zeitraum ab 1961 dominiert
19022,8,Wiederaufbau (1945-1960)
19023,6,Zwischenkriegszeit (1919-1944)
19024,9,Wirtschaftswunder (1961-1980)
19025,6,Zwischenkriegszeit (1919-1944)
19026,8,Wiederaufbau (1945-1960)
19027,5,Gründerzeit niedrige bauliche Dichte
19028,3,Gründerzeit hohe bauliche Dichte
19030,0,nahezu unbewohnt
19031,11,Bauperiode 1981-2000
19032,0,nahezu unbewohnt
19040,10,Gemischtes Baualter -Zeitraum ab 1961 dominiert
19041,9,Wirtschaftswunder (1961-1980)
19042,5,Gründerzeit niedrige bauliche Dichte
19043,10,Gemischtes Baualter -Zeitraum ab 1961 dominiert
19044,4,Gründerzeit und Altstadt - hohe bauliche Dichte
19045,10,Gemischtes Baualter -Zeitraum ab 1961 dominiert
19046,7,Gemischtes Baualter
19047,3,Gründerzeit hohe bauliche Dichte
19048,6,Zwischenkriegszeit (1919-1944)
19049,4,Gründerzeit und Altstadt - hohe bauliche Dichte
19050,8,Wiederaufbau (1945-1960)
19051,8,Wiederaufbau (1945-1960)
19052,8,Wiederaufbau (1945-1960)
19053,10,Gemischtes Baualter -Zeitraum ab 1961 dominiert
19054,10,Gemischtes Baualter -Zeitraum ab 1961 dominiert
19060,2,Einfamilienhaus und Kleingarten mit signifikantem Anteil an Geschoßwohnbau
19061,2,Einfamilienhaus und Kleingarten mit signifikantem Anteil an Geschoßwohnbau
19062,1,Einfamilienhaus und Kleingarten
19063,9,Wirtschaftswunder (1961-1980)
19064,7,Gemischtes Baualter
19070,2,Einfamilienhaus und Kleingarten mit signifikantem Anteil an Geschoßwohnbau
19071,10,Gemischtes Baualter -Zeitraum ab 1961 dominiert
19072,0,nahezu unbewohnt
19080,5,Gründerzeit niedrige bauliche Dichte
19081,11,Bauperiode 1981-2000
19082,10,Gemischtes Baualter -Zeitraum ab 1961 dominiert
19083,10,Gemischtes Baualter -Zeitraum ab 1961 dominiert
19084,10,Gemischtes Baualter -Zeitraum ab 1961 dominiert
19085,8,Wiederaufbau (1945-1960)
19086,10,Gemischtes Baualter -Zeitraum ab 1961 dominiert
19090,9,Wirtschaftswunder (1961-1980)
19091,10,Gemischtes Baualter -Zeitraum ab 1961 dominiert
19092,10,Gemischtes Baualter -Zeitraum ab 1961 dominiert
19093,5,Gründerzeit niedrige bauliche Dichte
19094,5,Gründerzeit niedrige bauliche Dichte
19100,2,Einfamilienhaus und Kleingarten mit signifikantem Anteil an Geschoßwohnbau
19101,1,Einfamilienhaus und Kleingarten
19102,1,Einfamilienhaus und Kleingarten
19103,12,Bauperiode ab 1981 - gemischtes Baualter
19104,2,Einfamilienhaus und Kleingarten mit signifikantem Anteil an Geschoßwohnbau
19105,9,Wirtschaftswunder (1961-1980)
19106,11,Bauperiode 1981-2000
20010,0,nahezu unbewohnt
20011,12,Bauperiode ab 1981 - gemischtes Baualter
20012,6,Zwischenkriegszeit (1919-1944)
20013,13,Bauperiode ab 2001
20014,0,nahezu unbewohnt
20020,0,nahezu unbewohnt
20021,3,Gründerzeit hohe bauliche Dichte
20022,10,Gemischtes Baualter -Zeitraum ab 1961 dominiert
20023,3,Gründerzeit hohe bauliche Dichte
20024,6,Zwischenkriegszeit (1919-1944)
20025,0,nahezu unbewohnt
20026,3,Gründerzeit hohe bauliche Dichte
20027,3,Gründerzeit hohe bauliche Dichte
20030,3,Gründerzeit hohe bauliche Dichte
20031,3,Gründerzeit hohe bauliche Dichte
20032,10,Gemischtes Baualter -Zeitraum ab 1961 dominiert
20033,3,Gründerzeit hohe bauliche Dichte
20034,3,Gründerzeit hohe bauliche Dichte
20035,3,Gründerzeit hohe bauliche Dichte
20036,3,Gründerzeit hohe bauliche Dichte
20037,8,Wiederaufbau (1945-1960)
20038,3,Gründerzeit hohe bauliche Dichte
20040,9,Wirtschaftswunder (1961-1980)
20041,7,Gemischtes Baualter
20042,3,Gründerzeit hohe bauliche Dichte
20050,9,Wirtschaftswunder (1961-1980)
20051,3,Gründerzeit hohe bauliche Dichte
20052,3,Gründerzeit hohe bauliche Dichte
20053,4,Gründerzeit und Altstadt - hohe bauliche Dichte
20054,4,Gründerzeit und Altstadt - hohe bauliche Dichte
20055,3,Gründerzeit hohe bauliche Dichte
20056,3,Gründerzeit hohe bauliche Dichte
20057,3,Gründerzeit hohe bauliche Dichte
20058,3,Gründerzeit hohe bauliche Dichte
20060,10,Gemischtes Baualter -Zeitraum ab 1961 dominiert
20061,10,Gemischtes Baualter -Zeitraum ab 1961 dominiert
20062,9,Wirtschaftswunder (1961-1980)
20063,9,Wirtschaftswunder (1961-1980)
20064,0,nahezu unbewohnt
20070,0,nahezu unbewohnt
20071,10,Gemischtes Baualter -Zeitraum ab 1961 dominiert
20072,6,Zwischenkriegszeit (1919-1944)
20073,10,Gemischtes Baualter -Zeitraum ab 1961 dominiert
20074,9,Wirtschaftswunder (1961-1980)
20075,9,Wirtschaftswunder (1961-1980)
20076,10,Gemischtes Baualter -Zeitraum ab 1961 dominiert
20080,10,Gemischtes Baualter -Zeitraum ab 1961 dominiert
20081,3,Gründerzeit hohe bauliche Dichte
20082,9,Wirtschaftswunder (1961-1980)
21010,1,Einfamilienhaus und Kleingarten
21011,1,Einfamilienhaus und Kleingarten
21012,1,Einfamilienhaus und Kleingarten
21020,11,Bauperiode 1981-2000
21021,12,Bauperiode ab 1981 - gemischtes Baualter
21030,11,Bauperiode 1981-2000
21040,2,Einfamilienhaus und Kleingarten mit signifikantem Anteil an Geschoßwohnbau
21041,1,Einfamilienhaus und Kleingarten
21050,1,Einfamilienhaus und Kleingarten
21051,9,Wirtschaftswunder (1961-1980)
21052,9,Wirtschaftswunder (1961-1980)
21053,2,Einfamilienhaus und Kleingarten mit signifikantem Anteil an Geschoßwohnbau
21054,9,Wirtschaftswunder (1961-1980)
21055,11,Bauperiode 1981-2000
21056,13,Bauperiode ab 2001
21060,10,Gemischtes Baualter -Zeitraum ab 1961 dominiert
21061,13,Bauperiode ab 2001
21070,2,Einfamilienhaus und Kleingarten mit signifikantem Anteil an Geschoßwohnbau
21071,2,Einfamilienhaus und Kleingarten mit signifikantem Anteil an Geschoßwohnbau
21072,9,Wirtschaftswunder (1961-1980)
21080,9,Wirtschaftswunder (1961-1980)
21081,1,Einfamilienhaus und Kleingarten
21090,1,Einfamilienhaus und Kleingarten
21091,11,Bauperiode 1981-2000
21092,9,Wirtschaftswunder (1961-1980)
21093,1,Einfamilienhaus und Kleingarten
21100,6,Zwischenkriegszeit (1919-1944)
21101,8,Wiederaufbau (1945-1960)
21102,8,Wiederaufbau (1945-1960)
21103,8,Wiederaufbau (1945-1960)
21104,2,Einfamilienhaus und Kleingarten mit signifikantem Anteil an Geschoßwohnbau
21110,10,Gemischtes Baualter -Zeitraum ab 1961 dominiert
21111,11,Bauperiode 1981-2000
21120,2,Einfamilienhaus und Kleingarten mit signifikantem Anteil an Geschoßwohnbau
21121,12,Bauperiode ab 1981 - gemischtes Baualter
21122,9,Wirtschaftswunder (1961-1980)
21130,1,Einfamilienhaus und Kleingarten
21131,13,Bauperiode ab 2001
21132,2,Einfamilienhaus und Kleingarten mit signifikantem Anteil an Geschoßwohnbau
21140,8,Wiederaufbau (1945-1960)
21141,9,Wirtschaftswunder (1961-1980)
21142,9,Wirtschaftswunder (1961-1980)
21150,1,Einfamilienhaus und Kleingarten
21151,9,Wirtschaftswunder (1961-1980)
21160,1,Einfamilienhaus und Kleingarten
21161,1,Einfamilienhaus und Kleingarten
21162,2,Einfamilienhaus und Kleingarten mit signifikantem Anteil an Geschoßwohnbau
21170,8,Wiederaufbau (1945-1960)
21171,9,Wirtschaftswunder (1961-1980)
21172,6,Zwischenkriegszeit (1919-1944)
21173,9,Wirtschaftswunder (1961-1980)
21174,0,nahezu unbewohnt
21180,12,Bauperiode ab 1981 - gemischtes Baualter
21181,5,Gründerzeit niedrige bauliche Dichte
21182,10,Gemischtes Baualter -Zeitraum ab 1961 dominiert
21183,10,Gemischtes Baualter -Zeitraum ab 1961 dominiert
21184,10,Gemischtes Baualter -Zeitraum ab 1961 dominiert
21190,10,Gemischtes Baualter -Zeitraum ab 1961 dominiert
21191,11,Bauperiode 1981-2000
21200,5,Gründerzeit niedrige bauliche Dichte
21201,12,Bauperiode ab 1981 - gemischtes Baualter
21210,4,Gründerzeit und Altstadt - hohe bauliche Dichte
21211,5,Gründerzeit niedrige bauliche Dichte
21212,8,Wiederaufbau (1945-1960)
21213,6,Zwischenkriegszeit (1919-1944)
21214,10,Gemischtes Baualter -Zeitraum ab 1961 dominiert
21220,9,Wirtschaftswunder (1961-1980)
21221,10,Gemischtes Baualter -Zeitraum ab 1961 dominiert
21222,10,Gemischtes Baualter -Zeitraum ab 1961 dominiert
21223,10,Gemischtes Baualter -Zeitraum ab 1961 dominiert
21224,1,Einfamilienhaus und Kleingarten
21225,0,nahezu unbewohnt
21230,10,Gemischtes Baualter -Zeitraum ab 1961 dominiert
21231,10,Gemischtes Baualter -Zeitraum ab 1961 dominiert
21232,9,Wirtschaftswunder (1961-1980)
21233,9,Wirtschaftswunder (1961-1980)
21240,1,Einfamilienhaus und Kleingarten
21241,12,Bauperiode ab 1981 - gemischtes Baualter
21250,11,Bauperiode 1981-2000
21251,1,Einfamilienhaus und Kleingarten
21260,6,Zwischenkriegszeit (1919-1944)
21261,12,Bauperiode ab 1981 - gemischtes Baualter
21270,1,Einfamilienhaus und Kleingarten
21271,0,nahezu unbewohnt
21272,1,Einfamilienhaus und Kleingarten
21280,0,nahezu unbewohnt
21281,10,Gemischtes Baualter -Zeitraum ab 1961 dominiert
21290,1,Einfamilienhaus und Kleingarten
21291,0,nahezu unbewohnt
21300,0,nahezu unbewohnt
21301,0,nahezu unbewohnt
22010,1,Einfamilienhaus und Kleingarten
22011,1,Einfamilienhaus und Kleingarten
22020,1,Einfamilienhaus und Kleingarten
22021,1,Einfamilienhaus und Kleingarten
22030,1,Einfamilienhaus und Kleingarten
22031,0,nahezu unbewohnt
22040,1,Einfamilienhaus und Kleingarten
22041,1,Einfamilienhaus und Kleingarten
22050,1,Einfamilienhaus und Kleingarten
22051,1,Einfamilienhaus und Kleingarten
22052,13,Bauperiode ab 2001
22060,11,Bauperiode 1981-2000
22061,2,Einfamilienhaus und Kleingarten mit signifikantem Anteil an Geschoßwohnbau
22062,1,Einfamilienhaus und Kleingarten
22063,9,Wirtschaftswunder (1961-1980)
22070,1,Einfamilienhaus und Kleingarten
22071,1,Einfamilienhaus und Kleingarten
22080,9,Wirtschaftswunder (1961-1980)
22081,10,Gemischtes Baualter -Zeitraum ab 1961 dominiert
22082,1,Einfamilienhaus und Kleingarten
22083,0,nahezu unbewohnt
22084,0,nahezu unbewohnt
22085,11,Bauperiode 1981-2000
22086,0,nahezu unbewohnt
22087,13,Bauperiode ab 2001
22088,9,Wirtschaftswunder (1961-1980)
22090,10,Gemischtes Baualter -Zeitraum ab 1961 dominiert
22091,11,Bauperiode 1981-2000
22092,9,Wirtschaftswunder (1961-1980)
22100,13,Bauperiode ab 2001
22101,1,Einfamilienhaus und Kleingarten
22110,1,Einfamilienhaus und Kleingarten
22111,1,Einfamilienhaus und Kleingarten
22112,10,Gemischtes Baualter -Zeitraum ab 1961 dominiert
22113,6,Zwischenkriegszeit (1919-1944)
22114,10,Gemischtes Baualter -Zeitraum ab 1961 dominiert
22115,10,Gemischtes Baualter -Zeitraum ab 1961 dominiert
22116,10,Gemischtes Baualter -Zeitraum ab 1961 dominiert
22117,11,Bauperiode 1981-2000
22120,9,Wirtschaftswunder (1961-1980)
22121,1,Einfamilienhaus und Kleingarten
22130,10,Gemischtes Baualter -Zeitraum ab 1961 dominiert
22131,9,Wirtschaftswunder (1961-1980)
22132,9,Wirtschaftswunder (1961-1980)
22133,9,Wirtschaftswunder (1961-1980)
22134,12,Bauperiode ab 1981 - gemischtes Baualter
22140,1,Einfamilienhaus und Kleingarten
22141,8,Wiederaufbau (1945-1960)
22142,12,Bauperiode ab 1981 - gemischtes Baualter
22143,1,Einfamilienhaus und Kleingarten
22150,9,Wirtschaftswunder (1961-1980)
22151,9,Wirtschaftswunder (1961-1980)
22152,9,Wirtschaftswunder (1961-1980)
22153,5,Gründerzeit niedrige bauliche Dichte
22160,9,Wirtschaftswunder (1961-1980)
22161,9,Wirtschaftswunder (1961-1980)
22170,1,Einfamilienhaus und Kleingarten
22171,0,nahezu unbewohnt
22172,0,nahezu unbewohnt
22180,9,Wirtschaftswunder (1961-1980)
22181,11,Bauperiode 1981-2000
22182,11,Bauperiode 1981-2000
22190,10,Gemischtes Baualter -Zeitraum ab 1961 dominiert
22191,9,Wirtschaftswunder (1961-1980)
22192,10,Gemischtes Baualter -Zeitraum ab 1961 dominiert
22200,9,Wirtschaftswunder (1961-1980)
22201,0,nahezu unbewohnt
22210,1,Einfamilienhaus und Kleingarten
22220,8,Wiederaufbau (1945-1960)
22221,9,Wirtschaftswunder (1961-1980)
22222,11,Bauperiode 1981-2000
22230,12,Bauperiode ab 1981 - gemischtes Baualter
22240,1,Einfamilienhaus und Kleingarten
22241,11,Bauperiode 1981-2000
22250,1,Einfamilienhaus und Kleingarten
22251,1,Einfamilienhaus und Kleingarten
22260,1,Einfamilienhaus und Kleingarten
22261,1,Einfamilienhaus und Kleingarten
22262,1,Einfamilienhaus und Kleingarten
22263,0,nahezu unbewohnt
22270,1,Einfamilienhaus und Kleingarten
22271,1,Einfamilienhaus und Kleingarten
22272,1,Einfamilienhaus und Kleingarten
22280,1,Einfamilienhaus und Kleingarten
22281,12,Bauperiode ab 1981 - gemischtes Baualter
22290,1,Einfamilienhaus und Kleingarten
22291,1,Einfamilienhaus und Kleingarten
22300,0,nahezu unbewohnt
22310,1,Einfamilienhaus und Kleingarten
22320,11,Bauperiode 1981-2000
22321,0,nahezu unbewohnt
23010,0,nahezu unbewohnt
23011,12,Bauperiode ab 1981 - gemischtes Baualter
23012,12,Bauperiode ab 1981 - gemischtes Baualter
23013,9,Wirtschaftswunder (1961-1980)
23020,10,Gemischtes Baualter -Zeitraum ab 1961 dominiert
23021,10,Gemischtes Baualter -Zeitraum ab 1961 dominiert
23022,1,Einfamilienhaus und Kleingarten
23023,1,Einfamilienhaus und Kleingarten
23024,10,Gemischtes Baualter -Zeitraum ab 1961 dominiert
23025,10,Gemischtes Baualter -Zeitraum ab 1961 dominiert
23026,5,Gründerzeit niedrige bauliche Dichte
23030,1,Einfamilienhaus und Kleingarten
23031,1,Einfamilienhaus und Kleingarten
23032,9,Wirtschaftswunder (1961-1980)
23033,1,Einfamilienhaus und Kleingarten
23034,1,Einfamilienhaus und Kleingarten
23035,1,Einfamilienhaus und Kleingarten
23036,0,nahezu unbewohnt
23040,1,Einfamilienhaus und Kleingarten
23041,12,Bauperiode ab 1981 - gemischtes Baualter
23042,5,Gründerzeit niedrige bauliche Dichte
23043,11,Bauperiode 1981-2000
23044,9,Wirtschaftswunder (1961-1980)
23050,9,Wirtschaftswunder (1961-1980)
23051,10,Gemischtes Baualter -Zeitraum ab 1961 dominiert
23052,2,Einfamilienhaus und Kleingarten mit signifikantem Anteil an Geschoßwohnbau
23053,1,Einfamilienhaus und Kleingarten
23060,0,nahezu unbewohnt
23061,0,nahezu unbewohnt
23062,9,Wirtschaftswunder (1961-1980)
23063,1,Einfamilienhaus und Kleingarten
23064,11,Bauperiode 1981-2000
23065,8,Wiederaufbau (1945-1960)
23070,9,Wirtschaftswunder (1961-1980)
23071,10,Gemischtes Baualter -Zeitraum ab 1961 dominiert
23072,10,Gemischtes Baualter -Zeitraum ab 1961 dominiert
23073,12,Bauperiode ab 1981 - gemischtes Baualter
23074,10,Gemischtes Baualter -Zeitraum ab 1961 dominiert
23075,5,Gründerzeit niedrige bauliche Dichte
23080,1,Einfamilienhaus und Kleingarten
23081,9,Wirtschaftswunder (1961-1980)
23082,13,Bauperiode ab 2001
23083,1,Einfamilienhaus und Kleingarten
23090,2,Einfamilienhaus und Kleingarten mit signifikantem Anteil an Geschoßwohnbau
23091,1,Einfamilienhaus und Kleingarten
23092,1,Einfamilienhaus und Kleingarten
23093,10,Gemischtes Baualter -Zeitraum ab 1961 dominiert
23094,9,Wirtschaftswunder (1961-1980)
23095,1,Einfamilienhaus und Kleingarten
23096,9,Wirtschaftswunder (1961-1980)
23097,9,Wirtschaftswunder (1961-1980)
23100,2,Einfamilienhaus und Kleingarten mit signifikantem Anteil an Geschoßwohnbau
23101,9,Wirtschaftswunder (1961-1980)
23110,13,Bauperiode ab 2001
23111,12,Bauperiode ab 1981 - gemischtes Baualter
23112,10,Gemischtes Baualter -Zeitraum ab 1961 dominiert
23113,9,Wirtschaftswunder (1961-1980)
23120,12,Bauperiode ab 1981 - gemischtes Baualter
23121,10,Gemischtes Baualter -Zeitraum ab 1961 dominiert
23122,2,Einfamilienhaus und Kleingarten mit signifikantem Anteil an Geschoßwohnbau
23123,2,Einfamilienhaus und Kleingarten mit signifikantem Anteil an Geschoßwohnbau
23130,1,Einfamilienhaus und Kleingarten
23131,2,Einfamilienhaus und Kleingarten mit signifikantem Anteil an Geschoßwohnbau
23132,2,Einfamilienhaus und Kleingarten mit signifikantem Anteil an Geschoßwohnbau
23140,10,Gemischtes Baualter -Zeitraum ab 1961 dominiert
23141,10,Gemischtes Baualter -Zeitraum ab 1961 dominiert
23142,1,Einfamilienhaus und Kleingarten
23143,2,Einfamilienhaus und Kleingarten mit signifikantem Anteil an Geschoßwohnbau
23144,2,Einfamilienhaus und Kleingarten mit signifikantem Anteil an Geschoßwohnbau
23150,1,Einfamilienhaus und Kleingarten
23151,1,Einfamilienhaus und Kleingarten
23152,2,Einfamilienhaus und Kleingarten mit signifikantem Anteil an Geschoßwohnbau
23160,1,Einfamilienhaus und Kleingarten
23161,9,Wirtschaftswunder (1961-1980)
23162,10,Gemischtes Baualter -Zeitraum ab 1961 dominiert
23170,0,nahezu unbewohnt
23171,1,Einfamilienhaus und Kleingarten
23172,0,nahezu unbewohnt
23180,9,Wirtschaftswunder (1961-1980)
23181,11,Bauperiode 1981-2000
23182,0,nahezu unbewohnt
23190,9,Wirtschaftswunder (1961-1980)
23191,9,Wirtschaftswunder (1961-1980)
